Date,Open,High,Low,Close,Volume,Share_Name,Tomorrow,Target,Close_Ratio_2,Trend_2,Close_Ratio_5,Trend_5,Close_Ratio_60,Trend_60,Close_Ratio_250,Trend_250,Close_Ratio_1000,Trend_1000
2023-03-01 00:00:00-05:00,34.464369918931354,34.7223053794577,34.355242067944104,34.52389144897461,2213900,FOXA,34.83143615722656,1,0.9968489912008017,0.0,0.983195755709837,0.0,1.0649054116763594,32.0,1.036847082877649,125.0,1.0557469908070258,498.0
2023-03-02 00:00:00-05:00,34.474291809233414,34.89095769227124,34.38500572223513,34.83143615722656,2442000,FOXA,34.642940521240234,0,1.0044343343023074,1.0,0.9974515905880206,1.0,1.0728662066186219,32.0,1.0470112861977146,125.0,1.065225989953307,498.0
2023-03-03 00:00:00-05:00,34.96040510108662,35.0496911863241,34.523893669067334,34.642940521240234,2451400,FOXA,34.52389144897461,0,0.9972868322826601,1.0,0.9961204623372566,1.0,1.065359642063503,32.0,1.0422356270108557,125.0,1.0595685276646098,497.0
2023-03-06 00:00:00-05:00,34.881035766957986,35.27786362792417,34.469327523480985,34.52389144897461,2913000,FOXA,34.414764404296875,0,0.9982788127072686,0.0,0.996278219740957,1.0,1.0595343145156346,32.0,1.0394243429476016,125.0,1.0560696990152543,496.0
2023-03-07 00:00:00-05:00,34.5238922578409,34.8859979732887,34.36516186662169,34.414764404296875,2658800,FOXA,34.22627258300781,0,0.998417041305389,0.0,0.9950091516643098,1.0,1.0539362897289508,32.0,1.0369508035985975,124.0,1.0528769932077358,496.0
2023-03-08 00:00:00-05:00,34.4147637362872,34.73222451256352,34.05762320129957,34.22627258300781,2177500,FOXA,33.00603485107422,0,0.997253948518815,0.0,0.9912653598860076,1.0,1.046194623004833,31.0,1.0319855536294198,124.0,1.0472203584635464,496.0
2023-03-09 00:00:00-05:00,34.26595907088427,34.48421100806093,32.956432310099125,33.00603485107422,2899100,FOXA,32.8770637512207,0,0.9818504261045929,0.0,0.9661401711203578,0.0,1.0077855582673085,30.0,0.9959025312559828,124.0,1.009978999441397,496.0
2023-03-10 00:00:00-05:00,32.867144757240425,33.14293895995187,32.53976118942438,32.8770637512207,3165800,FOXA,32.023887634277344,0,0.9980424251046227,0.0,0.9724178485596479,0.0,1.002920592646908,29.0,0.9926802123879876,124.0,1.0061705943241535,495.0
2023-03-13 00:00:00-04:00,32.629048468895085,32.767937096296286,31.944524326232912,32.023887634277344,3687500,FOXA,32.63896942138672,1,0.9868541816609795,0.0,0.9614010125845276,0.0,0.9766605972582032,28.0,0.9676057958190085,124.0,0.9801836950999516,495.0
2023-03-14 00:00:00-04:00,32.509999795545724,32.92666565443517,32.24214155007491,32.63896942138672,3109500,FOXA,32.26198196411133,0,1.0095121344016689,1.0,0.99042689929685,1.0,0.9947557353770498,29.0,0.9869376831911754,124.0,0.999080828612885,496.0
2023-03-15 00:00:00-04:00,32.004042723286524,32.54968196948096,31.98916234101411,32.26198196411133,2807800,FOXA,32.67864990234375,1,0.9941913415870259,1.0,0.990798803649297,1.0,0.9822587291286078,29.0,0.976425359422809,123.0,0.9876254087562303,495.0
2023-03-16 00:00:00-04:00,32.07349287265963,32.78777775858501,31.99412578287284,32.67864990234375,3746700,FOXA,32.47031784057617,0,1.006416136188654,1.0,1.0056172681798654,2.0,0.9937364165476139,29.0,0.9898404275057149,124.0,1.0004355272277186,496.0
2023-03-17 00:00:00-04:00,32.51992038080986,32.78777863938924,32.3711127601088,32.47031784057617,6166400,FOXA,33.164764404296875,1,0.9968022200660237,1.0,1.0017139255610394,2.0,0.9856929987428048,29.0,0.9844243393330978,123.0,0.9941035995715765,496.0
2023-03-20 00:00:00-04:00,32.51000104065713,33.6310366032815,32.41079217681402,33.164764404296875,3204500,FOXA,33.46238327026367,1,1.0105804173617068,1.0,1.0159859298948832,3.0,1.0049129809712392,29.0,1.0063062328274195,124.0,1.0153990308806884,496.0
2023-03-21 00:00:00-04:00,33.541750360966496,33.80960861544175,33.18460602166615,33.46238327026367,3386200,FOXA,33.05563735961914,0,1.0044669309186176,2.0,1.0199576746011074,3.0,1.012099237637245,29.0,1.0161669126130732,124.0,1.0245406628663578,496.0
2023-03-22 00:00:00-04:00,33.43262348263631,33.77984505355259,33.03579558636231,33.05563735961914,2748700,FOXA,33.40285873413086,1,0.9938851771776593,1.0,1.0027084224578975,3.0,0.9982823040684144,28.0,1.0046216535324701,124.0,1.0121122966330627,496.0
2023-03-23 00:00:00-04:00,33.204448571591776,33.948498034407145,33.12706452101576,33.40285873413086,2733500,FOXA,32.797698974609375,0,1.0052246348461138,1.0,1.008808695546783,3.0,1.0071964771016835,28.0,1.0159900946502958,124.0,1.0227524732707711,497.0
2023-03-24 00:00:00-04:00,33.20444582931223,33.21436482284749,31.88499640769629,32.797698974609375,4762600,FOXA,33.36317825317383,1,0.9908586909164122,1.0,0.9885772263896948,3.0,0.9876419913343194,28.0,0.9984960844601991,123.0,1.004270029026497,496.0
2023-03-27 00:00:00-04:00,32.96635036778633,33.745121970703565,32.95643137364568,33.36317825317383,3449100,FOXA,32.50007629394531,0,1.008547034172742,1.0,1.0044203209861073,3.0,1.002807472463996,29.0,1.016484411301128,124.0,1.0216418393867202,496.0
2023-03-28 00:00:00-04:00,32.559601608646496,33.08539530966523,32.450473757243145,32.50007629394531,3843500,FOXA,32.90682601928711,1,0.9868955464596568,1.0,0.9841383425644218,2.0,0.9756943367551871,28.0,0.9910818320814542,123.0,0.9952876977378433,496.0
2023-03-29 00:00:00-04:00,32.76793739063832,33.06556020566435,32.66377091915174,32.90682601928711,2547000,FOXA,33.40285873413086,1,1.0062187584330762,1.0,0.9973540250357588,3.0,0.9864302786801185,29.0,1.004263144300034,124.0,1.0078034880704752,497.0
2023-03-30 00:00:00-04:00,33.11516248467668,33.626075843634226,33.11516248467668,33.40285873413086,2135600,FOXA,33.779842376708984,1,1.0074805470224797,2.0,1.012387994717577,3.0,0.9995101514756541,30.0,1.0200458830911026,125.0,1.0230154730242247,498.0
2023-03-31 00:00:00-04:00,33.53182590729933,33.81952592007797,33.45742020959023,33.779842376708984,3280100,FOXA,33.9088134765625,1,1.0056113201217702,2.0,1.0177546298201208,4.0,1.009297927484681,30.0,1.0321521485115321,126.0,1.0345880278669652,498.0
2023-04-03 00:00:00-04:00,33.849288158917766,34.09730463912408,33.65583560711133,33.9088134765625,2835500,FOXA,33.60127258300781,0,1.0019053576737154,2.0,1.018292369013907,4.0,1.011379582678835,31.0,1.0366971147002004,126.0,1.0385739763445874,498.0
2023-04-04 00:00:00-04:00,33.988177697033294,34.171711259720546,33.36317887488348,33.60127258300781,2516300,FOXA,33.47230529785156,0,0.9954445193080732,1.0,1.0024269132702677,4.0,1.0010502979302496,30.0,1.02782329347003,126.0,1.0291997527613732,498.0
2023-04-05 00:00:00-04:00,33.303652126107465,33.6508736790643,33.16972489409014,33.47230529785156,2499700,FOXA,33.18460464477539,0,0.9980772266929709,0.0,0.99522156490857,3.0,0.9958889100691577,30.0,1.0244339404028349,125.0,1.0253051170471237,497.0
2023-04-06 00:00:00-04:00,33.105237557365655,33.38301857886871,32.956429945118934,33.18460464477539,2604100,FOXA,33.660797119140625,1,0.9956838585328392,0.0,0.9879496680344566,2.0,0.9864635842758172,29.0,1.016174591740679,125.0,1.0165882112629099,496.0
2023-04-10 00:00:00-04:00,33.04571730562605,33.73024143109721,33.04571730562605,33.660797119140625,2343600,FOXA,33.918731689453125,1,1.0071237880512267,1.0,1.0028373874523926,2.0,0.9995948990184657,29.0,1.0313185690799103,125.0,1.0312463802630614,497.0
2023-04-11 00:00:00-04:00,33.65087344286749,34.22627348022132,33.27389112642644,33.918731689453125,2762500,FOXA,33.46238327026367,0,1.0038167559741804,2.0,1.0104621726492704,2.0,1.006164867287885,29.0,1.0397242593216658,126.0,1.039189243177207,498.0
2023-04-12 00:00:00-04:00,34.107227636714974,34.31556057316311,33.40285795223655,33.46238327026367,2262200,FOXA,33.67071533203125,1,0.9932273542896659,1.0,0.9976928539777313,2.0,0.9918364918610385,28.0,1.0263045185251425,125.0,1.0252734193289779,497.0
2023-04-13 00:00:00-04:00,33.56159126179641,33.809607737153115,33.52190771747588,33.67071533203125,2362500,FOXA,33.144920349121094,0,1.0031032689702253,1.0,1.002717999569766,3.0,0.9968426472969618,29.0,1.0332742754828386,125.0,1.0317125215060239,498.0
2023-04-14 00:00:00-04:00,33.45246212921017,33.72032036649467,32.867143118350924,33.144920349121094,2292500,FOXA,33.72032165527344,1,0.9921306595746648,1.0,0.9872931182251403,3.0,0.9802442244185575,29.0,1.0177775380009544,124.0,1.0156784239160164,497.0
2023-04-17 00:00:00-04:00,33.174682381933685,33.814565342497595,33.16476338806891,33.72032165527344,2292000,FOXA,33.73023986816406,1,1.0086053873268646,1.0,1.0040766312255454,3.0,0.9958495210693805,30.0,1.036007436674072,125.0,1.0333805645644094,497.0
2023-04-18 00:00:00-04:00,33.85920949200654,33.958414566081686,33.43262086150764,33.73023986816406,3359000,FOXA,33.571510314941406,0,1.0001470441856466,2.0,1.0055006657980101,3.0,0.9948496799926899,30.0,1.036896470764414,125.0,1.03377532177507,497.0
2023-04-19 00:00:00-04:00,33.23420775648344,33.72032171419063,32.50503871213818,33.571510314941406,4258000,FOXA,33.432621002197266,0,0.9976415241388106,1.0,1.0001182335928502,3.0,0.9894930236405773,29.0,1.0326665877882528,124.0,1.0289997458130686,497.0
2023-04-20 00:00:00-04:00,33.432621002197266,33.730240010106115,33.24412606245789,33.432621002197266,2770200,FOXA,33.35325622558594,0,0.9979271529976748,0.0,0.9973955299155919,2.0,0.9847951869644936,29.0,1.0289815940994713,124.0,1.0248479052731483,496.0
2023-04-21 00:00:00-04:00,33.28381191174419,33.38302077754045,32.70345423845333,33.35325622558594,3067000,FOXA,32.38103103637695,0,0.9988116533029784,0.0,0.993792499437427,2.0,0.9822829550466188,28.0,1.0270464294522181,124.0,1.022460519660062,496.0
2023-04-24 00:00:00-04:00,33.254050105970485,33.56654950850156,31.547695511862937,32.38103103637695,11114300,FOXA,32.1826171875,0,0.9852097705823676,0.0,0.9725864117128901,1.0,0.9541528118606432,27.0,0.9976949929800107,124.0,0.9927356155603617,495.0
2023-04-25 00:00:00-04:00,32.202458960096536,32.629047609844086,31.894920945928178,32.1826171875,4127800,FOXA,32.212379455566406,1,0.9969268488641015,0.0,0.9756977646273477,0.0,0.9488484502050879,27.0,0.9920230014327286,124.0,0.9867500353172318,494.0
2023-04-26 00:00:00-04:00,32.08340983504521,32.61912630388935,32.07349084166553,32.212379455566406,3241200,FOXA,32.59928512573242,1,1.0004621829275242,1.0,0.9847152206327472,1.0,0.950167899116588,28.0,0.9933381865372468,125.0,0.9877404995960548,495.0
2023-04-27 00:00:00-04:00,32.25205980023276,32.61912689728363,31.617140140533483,32.59928512573242,4978700,FOXA,32.99610900878906,1,1.0059696919168106,2.0,1.0016460330198673,2.0,0.9619755797026993,28.0,1.005658093733954,125.0,0.9996759270811566,495.0
2023-04-28 00:00:00-04:00,32.43063176842433,33.22924509260155,32.43063176842433,32.99610900878906,3838500,FOXA,33.03579330444336,1,1.006049569307303,2.0,1.0160688574432133,3.0,0.9740702717942965,28.0,1.0181577072548391,126.0,1.0119362093469095,495.0
2023-05-01 00:00:00-04:00,32.87706291378419,33.40781801234122,32.87706291378419,33.03579330444336,2676400,FOXA,32.797698974609375,0,1.00060098670891,2.0,1.0132051329809837,4.0,0.9759253120900769,28.0,1.0197255220517647,126.0,1.0132444734247295,495.0
2023-05-02 00:00:00-04:00,32.886985054150536,32.92170720817038,32.257021108379305,32.797698974609375,2700900,FOXA,32.440555572509766,0,0.9963833860001721,1.0,1.0021218914560581,4.0,0.9695061315920855,28.0,1.012706645975387,126.0,1.0060236410278467,495.0
2023-05-03 00:00:00-04:00,32.896904976637344,33.169724611947885,32.36118848426268,32.440555572509766,3526400,FOXA,30.91277313232422,0,0.9945255524603029,0.0,0.9898293171482412,3.0,0.9594328372511286,28.0,1.002147149783331,125.0,0.9951582961446147,495.0
2023-05-04 00:00:00-04:00,31.746108635380192,31.756027629179084,30.85324970845323,30.91277313232422,6172900,FOXA,31.716346740722656,1,0.9758847329505991,0.0,0.9530217863778958,2.0,0.9154354317897485,27.0,0.9555204340512472,125.0,0.9484163787099302,495.0
2023-05-05 00:00:00-04:00,31.220313781355745,31.855237256051986,31.12606820027364,31.716346740722656,3060000,FOXA,31.914758682250977,1,1.0128306706213872,1.0,0.9855724778211371,2.0,0.940761825797919,27.0,0.9806161445998215,126.0,0.973147479530038,496.0
2023-05-08 00:00:00-04:00,31.627060550733827,32.07349286177065,31.587378898069478,31.914758682250977,4548100,FOXA,31.42864799499512,0,1.0031181595889216,2.0,0.998696101453167,2.0,0.9481907756990331,27.0,0.9868193686504706,127.0,0.9793298581565328,496.0
2023-05-09 00:00:00-04:00,32.152855647408074,32.89690507194029,31.32944102661438,31.42864799499512,6425600,FOXA,30.942535400390625,0,0.9923257887007446,1.0,0.9919839818100203,2.0,0.9355310909632396,26.0,0.9718217868187669,127.0,0.9645156625126737,496.0
2023-05-10 00:00:00-04:00,31.66674304037613,31.825475322390773,30.436581573325057,30.942535400390625,5386100,FOXA,30.426660537719727,0,0.9922061348183357,0.0,0.9859644770785442,2.0,0.922991701785266,26.0,0.9569721099472069,126.0,0.9497274906226281,495.0
2023-05-11 00:00:00-04:00,30.585390926737823,30.79372574495876,29.980230135971645,30.426660537719727,5624300,FOXA,30.47626304626465,1,0.9915939119816537,0.0,0.9725393113924055,2.0,0.9097750589056646,25.0,0.9412835673347376,125.0,0.9340210748323202,495.0
2023-05-12 00:00:00-04:00,30.12904150324629,30.615153555687485,29.975270611184243,30.47626304626465,4623700,FOXA,30.76396369934082,1,1.0008144520102802,1.0,0.9819088153114056,2.0,0.9140327548264735,25.0,0.9431189530938475,125.0,0.9356643649619949,496.0
2023-05-15 00:00:00-04:00,30.525868111077887,30.848288392339647,30.24312948175218,30.76396369934082,3188800,FOXA,30.28777313232422,0,1.004697903132712,2.0,0.9985831283068842,2.0,0.9251675474965106,26.0,0.9522794437096314,126.0,0.9446108989054637,496.0
2023-05-16 00:00:00-04:00,30.714359887245205,30.833408629880168,30.27289085686012,30.28777313232422,3368100,FOXA,31.131027221679688,1,0.9922002126109929,1.0,0.9904620215783843,2.0,0.9136822316286988,25.0,0.9379673195439833,125.0,0.9301074868258078,496.0
2023-05-17 00:00:00-04:00,30.496105648899213,31.17071076608624,30.327454369602457,31.131027221679688,3940500,FOXA,30.84332847595215,0,1.0137295760336436,1.0,1.0167843807656045,3.0,0.9412502786525728,26.0,0.9642751699258358,126.0,0.9560761642398645,497.0
2023-05-18 00:00:00-04:00,31.140947484179243,31.36416268645732,30.50106642726944,30.84332847595215,4198100,FOXA,31.091344833374023,1,0.9953577775438086,1.0,1.004653262821414,3.0,0.9349654570107867,25.0,0.9555711316115285,126.0,0.9473058500494851,497.0
2023-05-19 00:00:00-04:00,30.89293090046997,31.210391679344053,30.81356570575145,31.091344833374023,3921700,FOXA,31.061582565307617,0,1.004004483178319,1.0,1.0086900407060857,3.0,0.9447306669798096,26.0,0.9634497128809959,126.0,0.9549821347095867,497.0
2023-05-22 00:00:00-04:00,31.299678152449054,31.43856866410988,30.91277305987116,31.061582565307617,2899000,FOXA,31.101266860961918,1,0.9995211445492262,1.0,1.0057821861397918,2.0,0.9458833266471207,26.0,0.9628107818730232,125.0,0.954100381134149,497.0
2023-05-23 00:00:00-04:00,31.071504202269075,31.567537160522964,31.071504202269075,31.101266860961918,3020100,FOXA,30.78380584716797,0,1.0006383924807272,1.0,1.001789518407604,3.0,0.9490414012744509,27.0,0.9641211953438502,126.0,0.9553572414340482,497.0
2023-05-24 00:00:00-04:00,31.081424863075533,31.23023437102931,30.71932103324229,30.78380584716797,2883600,FOXA,30.823488235473636,1,0.9948701520431075,1.0,0.9937868601998102,2.0,0.9412490646276258,27.0,0.9544909437910513,125.0,0.9456490553508481,497.0
2023-05-25 00:00:00-04:00,30.5556299794326,31.13598953418817,30.53579009885651,30.823488235473636,3714000,FOXA,31.15086936950684,1,1.00064411834502,1.0,0.9951954022082466,3.0,0.9442429872595072,28.0,0.9560716841901878,125.0,0.9469038713355435,498.0
2023-05-26 00:00:00-04:00,30.962376315733916,31.35920419572229,30.88301111817935,31.15086936950684,3144600,FOXA,31.230234146118164,1,1.0052825256555284,2.0,1.0053790893412906,3.0,0.9560685537914366,28.0,0.9666492556764268,125.0,0.9569846178658481,499.0
2023-05-30 00:00:00-04:00,31.121108183586248,31.39888542517535,30.977258173640152,31.230234146118164,4574600,FOXA,30.95245742797852,0,1.001272256695354,2.0,1.0068444681666158,4.0,0.9601805573540688,29.0,0.9695328050419108,125.0,0.9594445865421869,499.0
2023-05-31 00:00:00-04:00,31.11118782363251,31.230234674265223,30.7044409482422,30.95245742797852,9037100,FOXA,31.061582565307617,1,0.9955328933002419,1.0,0.9988475093523764,3.0,0.9533850165446474,29.0,0.9612839587665133,125.0,0.9509446709947862,498.0
2023-06-01 00:00:00-04:00,31.03182179954964,31.359203468396064,30.70444013070321,31.061582565307617,3766200,FOXA,31.61714172363281,1,1.001759684376972,1.0,1.0005751956524158,4.0,0.9583960171160658,30.0,0.964984604633254,126.0,0.9543520290234873,498.0
2023-06-02 00:00:00-04:00,31.309599925836658,31.760989844042964,31.264956883718867,31.61714172363281,3583300,FOXA,31.934600830078125,1,1.0088636002826754,2.0,1.0132901289313823,4.0,0.9768483013480277,31.0,0.982458924268555,127.0,0.9714671800440136,498.0
2023-06-05 00:00:00-04:00,31.58737926937512,31.99412614809772,31.527855843571118,31.934600830078125,3528400,FOXA,32.28182601928711,1,1.0049952856316569,2.0,1.0183486004169755,4.0,0.9872012276434352,32.0,0.9924954379312058,128.0,0.9812567599060389,499.0
2023-06-06 00:00:00-04:00,31.81555382479707,32.48023996062954,31.686586087475398,32.28182601928711,3253300,FOXA,33.08539581298828,1,1.005407108527285,2.0,1.022563037619007,4.0,0.99824121423924,33.0,1.0034808155671855,128.0,0.9919766050734,499.0
2023-06-07 00:00:00-04:00,32.52984133838288,33.27884835817138,32.40087171345047,33.08539581298828,4994900,FOXA,33.571510314941406,1,1.0122931611773718,2.0,1.0340443398740575,5.0,1.0225303575375306,34.0,1.028488332468038,129.0,1.0166977642227657,499.0
2023-06-08 00:00:00-04:00,33.144921673820114,33.601271081018815,32.99611027457089,33.571510314941406,3883000,FOXA,33.27389144897461,0,1.007292785251991,2.0,1.0330301015099974,5.0,1.0370559628099367,34.0,1.0434919157059883,130.0,1.031643426910844,500.0
2023-06-09 00:00:00-04:00,33.59135223665028,33.695518702815946,33.189566755092564,33.27389144897461,4944800,FOXA,33.22428894042969,0,0.9955476538682807,1.0,1.0135380468745099,4.0,1.0273270146080267,34.0,1.0340356278821718,130.0,1.0225024666477864,500.0
2023-06-12 00:00:00-04:00,33.24412692830008,33.52686556084206,33.02091361266261,33.22428894042969,3060200,FOXA,33.04571533203125,0,0.9992540772055046,0.0,1.0041377232869708,3.0,1.0255076062226858,33.0,1.0321862637775492,130.0,1.0210022098964908,499.0
2023-06-13 00:00:00-04:00,33.46238117888618,33.59135080100216,32.97627102422209,33.04571533203125,4845000,FOXA,33.025875091552734,0,0.9973053629563045,0.0,0.994150297842184,2.0,1.019693882110796,33.0,1.0264187913814464,129.0,1.0155328618526391,499.0
2023-06-14 00:00:00-04:00,33.1846054859648,33.640954896845614,32.886986469496065,33.025875091552734,4153700,FOXA,33.40285873413086,1,0.999699716014836,0.0,0.9939093663940942,1.0,1.0191544672560193,32.0,1.0256852851373817,128.0,1.0149286033116285,499.0
2023-06-15 00:00:00-04:00,32.9663510783411,33.60127268110121,32.86714599707156,33.40285873413086,5036900,FOXA,33.37309646606445,0,1.0056750087028208,1.0,1.0062761199022843,1.0,1.0308194663369794,32.0,1.0371568455267,129.0,1.0265112844579534,499.0
2023-06-16 00:00:00-04:00,33.46238254896493,33.769924342162376,33.199485689433274,33.37309646606445,10266000,FOXA,32.98619079589844,0,0.9995542966330144,1.0,1.0047789426075524,1.0,1.0297328605305687,32.0,1.0359740295724438,129.0,1.0256104683796385,498.0
2023-06-20 00:00:00-04:00,33.27389081185544,33.42269842448658,32.7084135581088,32.98619079589844,6063100,FOXA,32.926666259765625,0,0.9941695324628993,0.0,0.9945560990201603,1.0,1.0180129492892551,31.0,1.0238181336126986,128.0,1.0137649515934226,497.0
2023-06-21 00:00:00-04:00,32.98619157688604,33.17964412698847,32.74809409283551,32.926666259765625,3799800,FOXA,32.63896942138672,0,0.9990969207102866,0.0,0.9934745913841845,1.0,1.016108510854722,31.0,1.0217709627937104,128.0,1.011961054562874,497.0
2023-06-22 00:00:00-04:00,32.83737957261157,32.87210172751902,32.44551687484076,32.63896942138672,4326500,FOXA,32.410789489746094,0,0.9956120788673813,0.0,0.9870987528612921,1.0,1.0076055745006767,30.0,1.0126827821578703,127.0,1.0031725692595652,496.0
2023-06-23 00:00:00-04:00,32.47031480311692,32.579442652081326,32.301665425212576,32.410789489746094,4638100,FOXA,32.97627258300781,1,0.9964922247912963,0.0,0.9861152213943573,0.0,1.0006073440685237,30.0,1.0055613572165774,126.0,0.9962126037923094,496.0
2023-06-26 00:00:00-04:00,32.529842165681266,33.03083272649611,32.46039785458949,32.97627258300781,3545300,FOXA,34.08738327026367,1,1.008648241339128,1.0,1.0057489371409765,1.0,1.0180289348142542,30.0,1.0230213098858896,126.0,1.0136377706059412,496.0
2023-06-27 00:00:00-04:00,33.00603134052256,34.29571619085935,32.99610856272417,34.08738327026367,5144000,FOXA,34.05762481689453,0,1.0165680005528905,2.0,1.0327001495252421,2.0,1.0519601473056466,30.0,1.057215870494247,127.0,1.0477868806731032,497.0
2023-06-28 00:00:00-04:00,34.12706912847228,34.166748889065886,33.78480517538828,34.05762481689453,3081800,FOXA,34.13698959350586,1,0.9995633069214538,1.0,1.0247761855107103,2.0,1.0508916337682987,29.0,1.0560128590013587,127.0,1.0468651420221209,497.0
2023-06-29 00:00:00-04:00,33.94849842316275,34.305642774912904,33.79968701512308,34.13698959350586,2399000,FOXA,33.73023986816406,0,1.0011637983042723,1.0,1.0179871481270704,3.0,1.053216946447256,29.0,1.0581211345212942,128.0,1.0492987055261627,497.0
2023-06-30 00:00:00-04:00,34.30563989420668,34.35524243124425,33.70047910282772,33.73023986816406,3015300,FOXA,34.04770278930664,1,0.9940066843958686,1.0,0.9980039424529367,3.0,1.0405986265580105,29.0,1.0453332619340248,127.0,1.0368076506957928,496.0
2023-07-03 00:00:00-04:00,33.502067278691904,34.07746355651597,33.41278119263268,34.04770278930664,1195000,FOXA,33.93857192993164,0,1.0046838677701821,1.0,1.0010500627487189,3.0,1.0500818796177256,30.0,1.054961267223275,127.0,1.0465876120441937,496.0
2023-07-05 00:00:00-04:00,33.79968331599167,34.251075095727465,33.54174785930757,33.93857192993164,2830300,FOXA,33.76992416381836,0,0.9983948104256973,1.0,0.9987153911022076,2.0,1.0463106153759982,30.0,1.0513830892196976,127.0,1.0432597061851452,495.0
2023-07-06 00:00:00-04:00,33.58142922067332,33.839368474104084,33.45246337838902,33.76992416381836,3485500,FOXA,33.809608459472656,1,0.997509208211038,0.0,0.9954380858046203,2.0,1.0410529078442567,29.0,1.046027766679957,126.0,1.0380978430191892,495.0
2023-07-07 00:00:00-04:00,33.68063882989112,34.09730470086525,33.49214388255706,33.809608459472656,3464400,FOXA,33.432621002197266,0,1.0005872235884719,1.0,0.9985350814894017,2.0,1.0423347286547062,29.0,1.0470879587132749,127.0,1.039323211121917,496.0
2023-07-10 00:00:00-04:00,32.89690451730272,33.84928685638346,32.797699442810114,33.432621002197266,6563900,FOXA,33.46238327026367,1,0.994393590749541,1.0,0.9891399976217736,2.0,1.0307281407100357,29.0,1.0352512177603275,127.0,1.027763029308508,495.0
2023-07-11 00:00:00-04:00,33.57647251704118,33.650874434036105,33.38301996399203,33.46238327026367,3581500,FOXA,33.40285873413086,0,1.0004449101751334,1.0,0.9934613612797504,2.0,1.0317561592583235,29.0,1.0360476648234564,127.0,1.0287020710019006,496.0
2023-07-12 00:00:00-04:00,33.87905372063221,34.21139490575957,33.35325619349609,33.40285873413086,4139000,FOXA,33.41278076171875,1,0.9991097835833915,1.0,0.9948587363058015,2.0,1.0297843210206574,29.0,1.034039832158031,127.0,1.0268883251200815,496.0
2023-07-13 00:00:00-04:00,33.373097216330606,33.61119470422829,33.03579464939374,33.41278076171875,5477700,FOXA,32.926666259765625,0,1.0001484985800144,1.0,0.9972758611981496,3.0,1.030253010869804,29.0,1.0341395384799927,128.0,1.027212765748826,496.0
2023-07-14 00:00:00-04:00,33.33341313234396,33.33341313234396,32.6736921769739,32.926666259765625,3866600,FOXA,33.1746826171875,1,0.9926723160385148,1.0,0.9879740093685478,2.0,1.015683542338748,28.0,1.0190953927335193,127.0,1.0123134648448884,495.0
2023-07-17 00:00:00-04:00,32.896905373830954,33.25901109557597,32.738174979851344,33.1746826171875,2880100,FOXA,33.73023986816406,1,1.0037520619720417,1.0,0.9969590066837472,3.0,1.023542880510206,29.0,1.0266854633963889,128.0,1.0199933321872536,495.0
2023-07-18 00:00:00-04:00,33.2639676942627,34.01793988118537,33.22428793529124,33.73023986816406,3111700,FOXA,33.45246505737305,0,1.0083036827536598,2.0,1.0120252291082565,3.0,1.0405243188899895,30.0,1.0438482978096641,128.0,1.0371137077260206,495.0
2023-07-19 00:00:00-04:00,33.66079799868649,33.96833980569533,33.19452579099627,33.45246505737305,4909500,FOXA,33.511985778808594,1,0.9958653821530572,1.0,1.0033923302991001,3.0,1.0319027727065648,30.0,1.0353188009512446,127.0,1.0286293998271911,494.0
2023-07-20 00:00:00-04:00,33.61119464209556,33.61119464209556,33.224289536354334,33.511985778808594,3129100,FOXA,33.24412536621094,0,1.0008888405817162,1.0,1.0045797808788608,3.0,1.0331380913329067,31.0,1.0372465493803207,127.0,1.03052356814117,494.0
2023-07-21 00:00:00-04:00,33.48222283821004,33.51198360304833,33.065556992750274,33.24412536621094,3163900,FOXA,32.93658828735352,0,0.9959874772810573,1.0,0.9946570931510578,3.0,1.0243215615018995,31.0,1.0291011371170862,126.0,1.0223437366467334,494.0
2023-07-24 00:00:00-04:00,33.21436552538772,33.30365160681743,32.653849660231266,32.93658828735352,4016100,FOXA,32.70841598510742,0,0.995353070979753,0.0,0.9868616772520881,2.0,1.0144684084264108,30.0,1.019778684841893,125.0,1.0129397577674413,494.0
2023-07-25 00:00:00-04:00,32.84730461430792,33.075479331484644,32.6191298971312,32.70841598510742,4132500,FOXA,32.886985778808594,1,0.9965241482611676,0.0,0.9860630048341533,1.0,1.0073841172830325,29.0,1.0127942293822125,125.0,1.0059752185999404,494.0
2023-07-26 00:00:00-04:00,32.83737945674636,33.12507947321073,32.61912753428291,32.886985778808594,5014900,FOXA,32.837379455566406,0,1.002722291332918,1.0,0.9948382715024785,2.0,1.0129406148333362,29.0,1.0184519559047798,125.0,1.0114977972737529,495.0
2023-07-27 00:00:00-04:00,33.13500225020494,33.378057333690776,32.767935145999026,32.837379455566406,3185200,FOXA,32.97627258300781,1,0.9992452369366324,1.0,0.9974084895315305,1.0,1.011515735248451,28.0,1.0170761347423718,124.0,1.0100157498671072,494.0
2023-07-28 00:00:00-04:00,33.14492197153611,33.214366282627886,32.59928647677305,32.97627258300781,5216800,FOXA,33.18460464477539,1,1.0021103999419452,1.0,1.003259720296705,2.0,1.0157010514319493,29.0,1.0213025846855752,125.0,1.0143446723195328,494.0
2023-07-31 00:00:00-04:00,33.05563501995008,33.53182619111542,33.05563501995008,33.18460464477539,3808600,FOXA,32.99610900878906,0,1.0031488709112837,2.0,1.0080766463857247,3.0,1.0217276239965014,30.0,1.0276933944463036,125.0,1.0207472451013222,495.0
2023-08-01 00:00:00-04:00,33.15483939583125,33.224287488066224,32.94650647241918,32.99610900878906,1945300,FOXA,33.06555938720703,1,0.9971518041196556,1.0,1.0006016057735645,3.0,1.0148390580961064,30.0,1.0217889764786372,125.0,1.0149573322771819,494.0
2023-08-02 00:00:00-04:00,32.9365897561835,33.15980307749662,32.847303670772014,33.06555938720703,2321700,FOXA,32.698490142822266,0,1.001051296161666,1.0,1.0016228763981365,3.0,1.0162722287068304,30.0,1.0239096920123179,125.0,1.017086386999086,495.0
2023-08-03 00:00:00-04:00,32.92666483862228,33.03579268975075,32.455435064492185,32.698490142822266,3655400,FOXA,32.797698974609375,1,0.9944183904882993,1.0,0.9913377632765296,3.0,1.0045870215082462,29.0,1.012554521345321,125.0,1.0058028518701811,494.0
2023-08-04 00:00:00-04:00,32.63896858702853,33.303650902388654,32.5000761865182,32.797698974609375,3574400,FOXA,32.81754302978516,1,1.0015147267821831,1.0,0.9954233579170851,3.0,1.006929114165287,30.0,1.0156011252910364,126.0,1.008818912861844,495.0
2023-08-07 00:00:00-04:00,33.02587596840147,33.17468358837118,32.777859484020745,32.81754302978516,5276900,FOXA,34.652862548828125,1,1.0003024305720685,2.0,0.9982498269611124,3.0,1.0065726280399836,31.0,1.0162047928254359,126.0,1.009365646919675,496.0
2023-08-08 00:00:00-04:00,34.21635491070021,34.94056257107274,34.087385282723126,34.652862548828125,14957000,FOXA,34.375083923339844,0,1.0272018450653086,2.0,1.0435587835429896,4.0,1.0605738696663272,32.0,1.072815787516144,126.0,1.0656944123293983,496.0
2023-08-09 00:00:00-04:00,34.62310039094134,35.12409093070607,34.19651176391229,34.375083923339844,5866900,FOXA,34.21635437011719,0,0.9959758526845315,1.0,1.027092718530847,3.0,1.0499840969663166,31.0,1.06418118976604,125.0,1.0570686966510303,495.0
2023-08-10 00:00:00-04:00,34.57349491325333,34.76198985526438,33.854248653436265,34.21635437011719,5052300,FOXA,34.325477600097656,1,0.9976858692983874,0.0,1.0131602216045557,3.0,1.0433020605618495,30.0,1.0594522302100942,124.0,1.052101553643802,495.0
2023-08-11 00:00:00-04:00,34.04770036741951,34.62310038874535,33.94849529415759,34.325477600097656,2646600,FOXA,33.571510314941406,0,1.0015920676008176,1.0,1.0072779272401606,3.0,1.0444861746427954,31.0,1.0630113258452305,124.0,1.0553615928458957,496.0
2023-08-14 00:00:00-04:00,34.19651289358463,34.33540151452067,33.482224232278085,33.571510314941406,5834400,FOXA,33.74015808105469,1,0.988895423665926,1.0,0.9808127120786528,2.0,1.0202809991858144,30.0,1.0399204286466275,124.0,1.032100290693552,496.0
2023-08-15 00:00:00-04:00,33.34333400950559,33.92865301563909,33.07547577438373,33.74015808105469,3445400,FOXA,33.32349395751953,0,1.002505475946921,1.0,0.9910250449966814,2.0,1.0239040395260637,31.0,1.0453976894163044,124.0,1.037160346389372,497.0
2023-08-16 00:00:00-04:00,33.66079651717568,33.92369337694291,33.31357496360219,33.32349395751953,3210200,FOXA,32.68857192993164,0,0.9937870349903477,1.0,0.9848707293425782,2.0,1.010119240030012,30.0,1.0327500612921046,124.0,1.0242519484822028,496.0
2023-08-17 00:00:00-04:00,33.333412489697274,33.44254034343189,32.66873015794071,32.68857192993164,4366300,FOXA,33.18460464477539,1,0.9903817276576313,0.0,0.9749098001319052,2.0,0.9900593519121013,30.0,1.013391467970513,124.0,1.0046534751239553,496.0
2023-08-18 00:00:00-04:00,32.500076761375006,33.2540489540434,32.500076761375006,33.18460464477539,2736100,FOXA,32.93658828735352,0,1.0075301168189634,1.0,0.9964847664200288,2.0,1.0040271157592748,30.0,1.0289871494161917,125.0,1.0197945649018425,497.0
2023-08-21 00:00:00-04:00,33.11516045021294,33.28877122398432,32.79769966833641,32.93658828735352,3361300,FOXA,32.59928512573242,0,0.9962490640833349,1.0,0.9928229882393975,2.0,0.9954425575910663,30.0,1.0214230874920118,125.0,1.0121050298428713,496.0
2023-08-22 00:00:00-04:00,32.906823123698715,33.10523705477981,32.54968258906989,32.59928512573242,2974800,FOXA,32.67864990234375,1,0.9948531522652486,0.0,0.9894609876405069,1.0,0.9843677281368783,29.0,1.0111068686996678,125.0,1.0016958385915744,495.0
2023-08-23 00:00:00-04:00,32.64888913588927,32.837380297486185,32.58936381854918,32.67864990234375,2217200,FOXA,32.321510314941406,0,1.0012157979044096,1.0,0.9957678096598166,2.0,0.9860061050802033,29.0,1.0137362483361847,125.0,1.0040827717598844,496.0
2023-08-24 00:00:00-04:00,32.50007870342164,32.87210343291537,32.13797675266259,32.321510314941406,4405000,FOXA,32.172698974609375,0,0.9945055583523412,1.0,0.9870933394671463,2.0,0.9746953125217718,28.0,1.0028920921376476,124.0,0.9930918366818187,495.0
2023-08-25 00:00:00-04:00,32.44055723451975,32.61912940779334,31.97924641763487,32.172698974609375,2357500,FOXA,32.5099983215332,1,0.9976926402855187,0.0,0.9886592581578679,1.0,0.9696130595332351,28.0,0.9984372553574168,124.0,0.9885264933426741,494.0
2023-08-28 00:00:00-04:00,32.371109708200635,32.55960085709042,32.222298317098094,32.5099983215332,3141400,FOXA,32.90999984741211,1,1.0052146765831291,1.0,1.0016505141240428,2.0,0.9790662026939073,28.0,1.0090367730553556,124.0,0.9988863157885574,495.0
2023-08-29 00:00:00-04:00,32.540000915527344,33.10499954223633,32.470001220703125,32.90999984741211,4148000,FOXA,33.400001525878906,1,1.0061143616183834,2.0,1.0120370716646996,3.0,0.9904698472969029,28.0,1.0215509577356785,124.0,1.0111622358379904,495.0
2023-08-30 00:00:00-04:00,33.0,33.47999954223633,32.91999816894531,33.400001525878906,3281200,FOXA,33.060001373291016,0,1.0073895591663216,2.0,1.022568756680395,3.0,1.004478749134981,28.0,1.0367958903032295,125.0,1.0261875808472896,496.0
2023-08-31 00:00:00-04:00,33.42499923706055,33.56999969482422,33.02000045776367,33.060001373291016,4215200,FOXA,30.979999542236328,0,0.9948841387638258,1.0,1.0076030862241563,3.0,0.9938658546771777,27.0,1.0263019910360303,125.0,1.0157134228913374,496.0
2023-09-01 00:00:00-04:00,33.060001373291016,33.060001373291016,30.950000762939453,30.979999542236328,7248400,FOXA,31.43000030517578,1,0.9675202716845939,0.0,0.95112364687868,3.0,0.9323193221698337,26.0,0.9620009177298238,125.0,0.9518376761513448,496.0
2023-09-05 00:00:00-04:00,30.899999618530277,31.989999771118164,30.899999618530277,31.43000030517578,5507000,FOXA,31.3799991607666,0,1.0072103951937137,1.0,0.9713808814817814,3.0,0.9468788098506569,26.0,0.9761016966174966,126.0,0.9656806513913793,496.0
2023-09-06 00:00:00-04:00,31.25,31.700000762939453,31.15999984741211,31.3799991607666,4585800,FOXA,30.86000061035156,0,0.9992039301889137,1.0,0.9790951259679079,2.0,0.9462722958381093,26.0,0.9747356236383634,125.0,0.9641564180721767,496.0
2023-09-07 00:00:00-04:00,31.420000076293945,31.56999969482422,30.80500030517578,30.86000061035156,3895500,FOXA,31.36000061035156,1,0.9916452674754612,0.0,0.9783780488325511,1.0,0.93169870261864,26.0,0.9588407186219283,124.0,0.9481859611032655,496.0
2023-09-08 00:00:00-04:00,30.899999618530277,31.36000061035156,30.86000061035156,31.36000061035156,2910400,FOXA,31.68000030517578,1,1.0080360011281007,1.0,1.0050637960497208,2.0,0.9475980531041902,27.0,0.9746966014607279,124.0,0.963534402571014,497.0
2023-09-11 00:00:00-04:00,31.36000061035156,32.31999969482422,31.31999969482422,31.68000030517578,3229100,FOXA,32.119998931884766,1,1.0050761372172727,2.0,1.0107842545042536,3.0,0.9579166874237449,28.0,0.9849610996107659,124.0,0.9733254274777547,498.0
2023-09-12 00:00:00-04:00,31.65999984741211,32.18000030517578,31.479999542236328,32.119998931884766,3371600,FOXA,31.3799991607666,0,1.0068965302816713,2.0,1.0203303370308068,3.0,0.9718493476741011,28.0,0.9987493192959133,125.0,0.9867955364278924,498.0
2023-09-13 00:00:00-04:00,32.13999938964844,32.25,31.309999465942383,31.3799991607666,4989600,FOXA,32.029998779296875,1,0.9883464599473145,1.0,0.9968233556803745,3.0,0.9504145431401408,28.0,0.9759387325623898,124.0,0.9640359245428611,498.0
2023-09-14 00:00:00-04:00,31.690000534057617,32.060001373291016,31.614999771118164,32.029998779296875,3327700,FOXA,31.8799991607666,0,1.0102507434102848,1.0,1.0099640293312382,4.0,0.9705697267147694,29.0,0.9964039909846609,124.0,0.9839399508355072,499.0
2023-09-15 00:00:00-04:00,32.04999923706055,32.54499816894531,31.82999992370605,31.8799991607666,7902500,FOXA,31.790000915527344,0,0.997652955353387,1.0,1.0019485792512308,3.0,0.9665353642838558,29.0,0.9918968059829264,124.0,0.9792840009295241,498.0
2023-09-18 00:00:00-04:00,31.809999465942383,31.899999618530277,31.415000915527344,31.790000915527344,2721200,FOXA,32.09000015258789,1,0.9985864890037472,0.0,0.9984296961344369,2.0,0.9642204382874467,29.0,0.989350115171495,123.0,0.9764583384665098,498.0
2023-09-19 00:00:00-04:00,31.81999969482422,32.150001525878906,31.770999908447266,32.09000015258789,3050100,FOXA,31.149999618530277,0,1.0046962935511015,1.0,1.0080417327933593,2.0,0.9734775585441788,30.0,0.9988904900187298,124.0,0.9856020340667757,499.0
2023-09-20 00:00:00-04:00,32.13999938964844,32.2599983215332,31.13999938964844,31.149999618530277,4993900,FOXA,32.13999938964844,1,0.9851359813810925,1.0,0.9799295296236303,2.0,0.9458351851985486,29.0,0.9697611221538036,124.0,0.9566924580535519,498.0
2023-09-21 00:00:00-04:00,31.15999984741211,32.400001525878906,31.07999992370605,32.13999938964844,5403400,FOXA,31.350000381469727,0,1.0156422781898011,1.0,1.010374081855369,2.0,0.9768581262369812,29.0,1.0005184854699765,125.0,0.9870193704598639,499.0
2023-09-22 00:00:00-04:00,32.16999816894531,32.290000915527344,31.34499931335449,31.350000381469727,3711500,FOXA,31.209999084472656,0,0.9875571111824435,1.0,0.9888342256793858,2.0,0.9541557255687668,29.0,0.9759121972202957,125.0,0.9626824667335555,499.0
2023-09-25 00:00:00-04:00,31.32999992370605,31.46999931335449,30.97900009155273,31.209999084472656,2983500,FOXA,30.950000762939453,0,0.9977621275864414,0.0,0.9880334100241908,2.0,0.9513071518597569,28.0,0.97148709387856,125.0,0.9583129165583378,498.0
2023-09-26 00:00:00-04:00,30.940000534057617,31.43000030517578,30.81999969482422,30.950000762939453,3016100,FOXA,30.920000076293945,0,0.9958172728093398,0.0,0.9869260495386613,1.0,0.9447165014429827,28.0,0.9633387557154847,125.0,0.9502703548157644,497.0
2023-09-27 00:00:00-04:00,30.989999771118164,31.149999618530277,30.549999237060547,30.920000076293945,2935000,FOXA,31.13999938964844,1,0.9995151012406891,0.0,0.9874177727713209,1.0,0.9453048972652754,27.0,0.9624111969021047,124.0,0.9492917670988708,496.0
2023-09-28 00:00:00-04:00,30.920000076293945,31.520000457763672,30.88999938964844,31.13999938964844,2761300,FOXA,31.200000762939453,1,1.0035449454600016,1.0,1.0008356190375587,1.0,0.95339037809362,28.0,0.9691280490875172,125.0,0.9559666316377828,497.0
2023-09-29 00:00:00-04:00,31.31999969482422,31.559999465942383,31.084999084472656,31.200000762939453,2524600,FOXA,30.850000381469727,0,1.0009624859342983,2.0,1.0037318474978678,2.0,0.9564816852547569,29.0,0.9708773480255602,125.0,0.9577321223797155,497.0
2023-10-02 00:00:00-04:00,31.07999992370605,31.184999465942383,30.6299991607666,30.850000381469727,3780200,FOXA,30.200000762939453,0,0.994359381546905,1.0,0.9947762191489191,2.0,0.9471842293813265,28.0,0.9599794747540843,124.0,0.946930847127204,496.0
2023-10-03 00:00:00-04:00,30.709999084472656,30.75,30.09000015258789,30.200000762939453,3417300,FOXA,30.309999465942383,1,0.9893529958010525,0.0,0.9785496887490361,2.0,0.9287637034934099,28.0,0.9399343851001226,123.0,0.92696685540359,495.0
2023-10-04 00:00:00-04:00,30.209999084472656,30.450000762939453,29.71500015258789,30.309999465942383,2729100,FOXA,30.200000762939453,0,1.0018178599006256,1.0,0.9860116888578054,3.0,0.9336551725385929,28.0,0.9434472732428277,124.0,0.930325645508076,496.0
2023-10-05 00:00:00-04:00,30.31999969482422,30.51499938964844,29.88999938964844,30.200000762939453,2131900,FOXA,30.3799991607666,1,0.9981821400993744,1.0,0.988478670483628,2.0,0.9317990015816722,28.0,0.94008261607262,124.0,0.9269433779957144,495.0
2023-10-06 00:00:00-04:00,29.950000762939453,30.5,29.86000061035156,30.3799991607666,3092900,FOXA,30.979999542236328,1,1.0029712512059068,1.0,0.9997367070548637,2.0,0.9388168725346184,28.0,0.9457473015925421,124.0,0.9324648196524185,495.0
2023-10-09 00:00:00-04:00,30.209999084472656,31.06999969482422,30.1200008392334,30.979999542236328,2939300,FOXA,31.270000457763672,1,1.0097783636595867,2.0,1.0186098377197126,3.0,0.9583191871637726,29.0,0.9643892177095487,125.0,0.9508596685462746,496.0
2023-10-10 00:00:00-04:00,31.06999969482422,31.40999984741211,30.9950008392334,31.270000457763672,2084900,FOXA,31.190000534057617,0,1.0046586492454193,2.0,1.0209612309779523,4.0,0.9682407119158842,29.0,0.9732887335478889,126.0,0.9597370574974322,496.0
2023-10-11 00:00:00-04:00,31.3700008392334,31.649999618530277,31.05500030517578,31.190000534057617,1992800,FOXA,30.75,0,0.9987191815171996,1.0,1.0125308544785627,3.0,0.9670313118622689,28.0,0.9706592695199098,126.0,0.9572753265667316,495.0
2023-10-12 00:00:00-04:00,31.299999237060547,31.299999237060547,30.625,30.75,1919600,FOXA,30.950000762939453,1,0.9928963427467895,0.0,0.9946949621760809,3.0,0.9547225507486617,28.0,0.9570230421913756,125.0,0.9437968592601153,494.0
2023-10-13 00:00:00-04:00,30.88999938964844,31.09000015258789,30.76300048828125,30.950000762939453,2717600,FOXA,31.6200008392334,1,1.0032415034111246,1.0,0.9974861577991533,3.0,0.9622077865208546,28.0,0.9632632395835536,126.0,0.9499498585328874,495.0
2023-10-16 00:00:00-04:00,31.06999969482422,31.850000381469727,31.06999969482422,31.6200008392334,2489800,FOXA,31.90999984741211,1,1.0107080079772712,2.0,1.0148928075718384,3.0,0.9838654534628483,29.0,0.9836914054940301,127.0,0.9704825294377225,496.0
2023-10-17 00:00:00-04:00,31.51000022888184,32.119998931884766,31.434999465942383,31.90999984741211,2210200,FOXA,31.559999465942383,0,1.0045647568872083,2.0,1.0200102110582079,3.0,0.9934177286595379,30.0,0.9923248982497616,127.0,0.979345641783719,496.0
